timestamp,gpu_name,repeat,workload,batch_size,precision,power_limit_w,total_samples,runtime_s,avg_power_w,energy_j,energy_counter_j,throughput_sps,energy_per_sample_j,peak_power_w,avg_gpu_util,avg_mem_util,avg_sm_clock_mhz,avg_mem_clock_mhz,n_power_samples
2026-09-21T10:24:06+00:00,Tesla T4,0,resnet18,8,fp16,70.0,8192,4.325405477000004,66.87925607075854,289.27990050614477,288.8070000000007,1893.9264870219224,0.035312487854754,83.537,84.8953488372093,41.26744186046512,1299.4186046511627,5000.0,86
2026-09-21T10:24:12+00:00,Tesla T4,0,resnet18,128,fp16,70.0,8192,3.086255448999964,68.32841596182307,210.87894608371255,207.34999999999854,2654.3493030217073,0.025742058848109442,71.912,99.50819672131148,71.70491803278688,1091.5573770491803,5000.0,61
2026-09-21T10:24:23+00:00,Tesla T4,0,resnet18,128,fp32,70.0,8192,6.286537432999921,68.55925767651692,431.0003397621108,429.89500000000044,1303.1020792141846,0.05261234616236704,73.876,99.776,68.048,976.8,5000.0,125
2026-09-21T10:24:28+00:00,Tesla T4,0,resnet18,32,fp16,70.0,8192,3.3661594210000203,68.36533626285959,230.1286207310591,227.0600000000013,2433.63399513809,0.028091872647834363,73.817,99.19402985074628,66.6268656716418,1101.9402985074628,5000.0,67
2026-09-21T10:24:41+00:00,Tesla T4,0,resnet18,256,fp32,70.0,8192,6.366055137000103,67.9550590616124,432.60565282432304,434.59400000000096,1286.8251725291125,0.05280830722953162,71.912,99.84126984126983,80.85714285714286,917.9761904761905,5000.0,126
2026-09-21T10:24:50+00:00,Tesla T4,0,resnet18,16,fp32,70.0,8192,7.2410241320001205,67.92309104719915,491.83274139281036,496.92399999999907,1131.3316805280692,0.060038176439552046,70.825,99.77777777777777,79.125,1021.875,5000.0,144
2026-09-21T10:24:56+00:00,Tesla T4,0,resnet18,16,fp16,70.0,8192,3.677886742000055,66.79961804320897,245.6814295717859,243.6899999999987,2227.366032360514,0.029990408883274648,69.129,98.1917808219178,58.917808219178085,1119.4520547945206,5000.0,73
2026-09-21T10:25:02+00:00,Tesla T4,0,resnet18,64,fp16,70.0,8192,3.2961550019999777,67.5668919067586,222.71094872805418,227.22500000000218,2485.3200152994673,0.02718639510840505,69.857,99.4,67.58461538461539,1019.3076923076923,5000.0,65
2026-09-21T10:25:12+00:00,Tesla T4,0,resnet18,32,fp32,70.0,8192,6.879940240999986,68.05774589849428,468.2332247188025,468.1859999999979,1190.7080167907548,0.057157376064306945,74.853,99.69343065693431,65.85401459854015,939.3065693430657,5000.0,137
2026-09-21T10:25:23+00:00,Tesla T4,0,resnet18,8,fp32,70.0,8192,9.567177012000002,67.12092486867503,642.157769427767,643.9470000000001,856.260941939808,0.07838839958835046,69.564,98.7434554973822,60.82722513089005,1023.9267015706806,5000.0,191
2026-09-21T10:25:30+00:00,Tesla T4,0,resnet18,256,fp16,70.0,8192,3.277861235000046,67.59966612036521,221.5823250748911,225.91799999999785,2499.1906040829963,0.02704862366636854,70.194,99.63076923076923,66.92307692307692,948.0,5000.0,65
2026-09-21T10:25:40+00:00,Tesla T4,0,resnet18,64,fp32,70.0,8192,6.916306594999924,67.51761943981718,466.9725566103026,465.4210000000021,1184.4472027776105,0.05700348591434358,70.292,99.82608695652173,62.72463768115942,867.1739130434783,5000.0,138
2026-09-21T10:25:46+00:00,Tesla T4,1,resnet18,32,fp16,70.0,8192,3.533646625000074,66.5157135714213,235.0430267711245,242.97799999999916,2318.2850096109505,0.028691775728897032,68.082,98.45714285714286,63.57142857142857,1014.2142857142857,5000.0,70
2026-09-21T10:25:58+00:00,Tesla T4,1,resnet18,8,fp32,70.0,8192,9.701579773000049,67.12548046324893,651.2232035151658,651.9909999999982,844.3985610259806,0.07949501996034739,68.333,98.69430051813471,60.0,983.3160621761658,5000.0,193
2026-09-21T10:26:04+00:00,Tesla T4,1,resnet18,16,fp16,70.0,8192,3.84912595999981,66.04766307054284,254.22577452214722,260.61599999999817,2128.275376054569,0.03103341974147305,68.585,97.39473684210526,56.48684210526316,1050.592105263158,5000.0,76
2026-09-21T10:26:09+00:00,Tesla T4,1,resnet18,64,fp16,70.0,8192,3.4866931980000118,67.07619241286297,233.87410383366932,237.91799999999785,2349.5041102839164,0.028549084940633462,69.508,98.43478260869566,63.492753623188406,924.1304347826087,5000.0,69
2026-09-21T10:26:19+00:00,Tesla T4,1,resnet18,64,fp32,70.0,8192,7.172462680000081,67.2089409552619,482.0536207639449,483.7000000000007,1142.1460613302079,0.05884443612841124,69.9,99.74647887323944,60.485915492957744,822.3591549295775,5000.0,142
2026-09-21T10:26:25+00:00,Tesla T4,1,resnet18,256,fp16,70.0,8192,3.4409753709999222,66.69790549476326,229.50585010476075,231.29899999999907,2380.720323964267,0.028015850842866303,69.9,99.58823529411765,64.07352941176471,879.4852941176471,5000.0,68
2026-09-21T10:26:31+00:00,Tesla T4,1,resnet18,128,fp16,70.0,8192,3.4440134609999404,67.4178467061063,232.1879715674606,231.51699999999983,2378.6202036566724,0.02834325824798103,75.486,99.47058823529412,64.61764705882354,891.3970588235294,5000.0,68
2026-09-21T10:26:37+00:00,Tesla T4,1,resnet18,8,fp16,70.0,8192,4.3478570090001085,65.61828793623617,285.2989331221517,284.77100000000064,1884.146599817445,0.03482652992213766,69.998,97.27906976744185,41.151162790697676,1070.5813953488373,5000.0,86
2026-09-21T10:26:48+00:00,Tesla T4,1,resnet18,256,fp32,70.0,8192,7.123384332000114,66.52702294010402,473.8975528661491,480.4099999999962,1150.015163887674,0.05784882237135609,69.172,99.71830985915493,73.05633802816901,734.0492957746479,5000.0,142
2026-09-21T10:26:58+00:00,Tesla T4,1,resnet18,32,fp32,70.0,8192,7.6484830489998785,66.86739283167786,511.4341206039041,514.6200000000026,1071.0620586485045,0.06243092292528126,68.823,99.375,59.39473684210526,799.1447368421053,5000.0,152
2026-09-21T10:27:08+00:00,Tesla T4,1,resnet18,16,fp32,70.0,8192,7.967864136999879,66.90430282280104,533.0843950727761,529.2260000000024,1028.129980525059,0.06507377869540724,69.257,98.86075949367088,71.91772151898734,825.7594936708861,5000.0,158
2026-09-21T10:27:18+00:00,Tesla T4,1,resnet18,128,fp32,70.0,8192,7.403455483000016,66.64330527647977,493.390743854398,495.46800000000076,1106.5103341015094,0.06022836228691382,69.606,99.78231292517007,58.49659863945578,759.0816326530612,5000.0,147
2026-09-21T10:27:30+00:00,Tesla T4,2,resnet18,8,fp32,70.0,8192,10.37594236300015,66.34428585591036,688.3844861553318,694.4729999999981,789.518649333681,0.08403130934513328,69.551,99.08212560386474,56.61352657004831,893.3333333333334,5000.0,207
2026-09-21T10:27:36+00:00,Tesla T4,2,resnet18,128,fp16,70.0,8192,3.5539029130000017,66.10406805696995,234.92744002881585,242.79000000000087,2305.0714103736677,0.02867766601914256,68.529,99.42857142857143,62.8,843.8571428571429,5000.0,70
2026-09-21T10:27:46+00:00,Tesla T4,2,resnet18,32,fp32,70.0,8192,7.74687109499996,66.54045481379526,515.4803260451415,512.1290000000008,1057.4591857204566,0.06292484448793231,68.431,99.76623376623377,58.824675324675326,783.4090909090909,5000.0,154
2026-09-21T10:27:56+00:00,Tesla T4,2,resnet18,128,fp32,70.0,8192,7.445697399999972,66.44487190132033,494.72840995899196,498.627999999997,1100.232733068098,0.06039165160632226,68.725,99.78378378378379,58.101351351351354,751.8243243243244,5000.0,148
2026-09-21T10:28:06+00:00,Tesla T4,2,resnet18,64,fp32,70.0,8192,7.575184113999967,66.27576020176537,502.0510858236843,505.4170000000013,1081.4258606414692,0.06128553293746146,68.976,99.84105960264901,57.59602649006622,756.5562913907285,5000.0,151
2026-09-21T10:28:12+00:00,Tesla T4,2,resnet18,16,fp16,70.0,8192,4.006547514999966,65.18470156579467,261.165604074449,263.99199999999837,2044.6531507065056,0.03188056690361926,67.69,97.41772151898734,54.607594936708864,987.5316455696203,5000.0,79
2026-09-21T10:28:22+00:00,Tesla T4,2,resnet18,16,fp32,70.0,8192,8.099288446999935,66.62874914710727,539.6454582052227,538.8050000000003,1011.4468763036099,0.06587468972231722,68.571,98.94409937888199,70.86335403726709,799.6583850931677,5000.0,161
2026-09-21T10:28:33+00:00,Tesla T4,2,resnet18,256,fp32,70.0,8192,7.447728911000013,66.21542726435482,493.15455199095385,490.3209999999963,1099.9326234740804,0.06019953027233323,70.053,99.78378378378379,70.27702702702703,680.0675675675676,5000.0,148
2026-09-21T10:28:39+00:00,Tesla T4,2,resnet18,64,fp16,70.0,8192,3.6967692729999726,66.50153547147777,245.84083293827675,248.55999999999767,2215.9889879608563,0.030009867302035736,70.346,99.26027397260275,60.35616438356164,832.8082191780821,5000.0,73
2026-09-21T10:28:45+00:00,Tesla T4,2,resnet18,32,fp16,70.0,8192,3.8194905240000026,66.31811528847447,253.30141291386795,254.60299999999552,2144.788669725731,0.030920582631087396,68.138,97.53333333333333,58.93333333333333,882.8,5000.0,75
2026-09-21T10:28:52+00:00,Tesla T4,2,resnet18,8,fp16,70.0,8192,4.429402178999908,65.6471264272791,290.7775248420725,290.3969999999972,1849.4595137101842,0.035495303325448306,68.865,96.68181818181819,40.27272727272727,1038.2386363636363,5000.0,88
2026-09-21T10:28:58+00:00,Tesla T4,2,resnet18,256,fp16,70.0,8192,3.6406956759999503,66.43204139080184,241.858845839342,242.28499999999622,2250.1194082227134,0.029523784892497802,68.627,99.5,60.736111111111114,793.5416666666666,5000.0,72
2026-09-21T10:29:30+00:00,Tesla T4,0,distilbert,8,fp16,70.0,4096,3.234587165999983,66.78319232854828,216.0160568104308,216.02799999999843,1266.3130686520574,0.05273829511973408,92.446,92.515625,36.4375,886.171875,5000.0,64
2026-09-21T10:29:36+00:00,Tesla T4,0,distilbert,128,fp16,70.0,4096,3.2184110719999808,65.8648660388376,211.98021411519045,214.56199999999808,1272.6776997615377,0.05175298196171642,67.004,98.734375,41.125,585.234375,5000.0,64
2026-09-21T10:29:57+00:00,Tesla T4,0,distilbert,128,fp32,70.0,4096,16.274383102,66.12550096527671,1076.1517355205842,1078.1819999999934,251.6838871451067,0.26273235730483013,69.27,99.88923076923076,24.563076923076924,646.2923076923076,5000.0,325
2026-09-21T10:30:02+00:00,Tesla T4,0,distilbert,32,fp16,70.0,4096,3.432418643000119,66.12584480872044,226.9715825055847,227.49699999999575,1193.3276287125263,0.055412984010152516,68.627,97.05882352941177,39.94117647058823,591.1764705882352,5000.0,68
2026-09-21T10:30:26+00:00,Tesla T4,0,distilbert,256,fp32,70.0,4096,16.278405247000137,66.22746026214067,1078.0774366267237,1078.8110000000015,251.62169990545178,0.2632024991764462,68.921,99.91076923076923,22.513846153846153,637.2923076923076,5000.0,325
2026-09-21T10:30:46+00:00,Tesla T4,0,distilbert,16,fp32,70.0,4096,17.402147969999987,66.34109320271985,1154.4775204052912,1151.6499999999942,235.37324283537873,0.28185486338019805,68.529,98.89048991354467,22.988472622478387,639.8991354466859,5000.0,347
2026-09-21T10:30:51+00:00,Tesla T4,0,distilbert,16,fp16,70.0,4096,3.469660938999823,65.5995104917079,227.60805917058798,232.5219999999972,1180.5188091896748,0.05556837382094433,70.433,92.40579710144928,39.11594202898551,749.5652173913044,5000.0,69
2026-09-21T10:30:57+00:00,Tesla T4,0,distilbert,64,fp16,70.0,4096,3.526812394999979,66.1114333749137,233.16262267786095,234.4340000000011,1161.3886822579414,0.056924468427212147,67.844,98.31428571428572,39.4,541.0714285714286,5000.0,70
2026-09-21T10:31:15+00:00,Tesla T4,0,distilbert,32,fp32,70.0,4096,15.563651101000232,66.31374632875641,1032.0840110609997,1032.0869999999995,263.1773208882048,0.2519736355129394,71.129,99.65161290322581,23.14516129032258,687.1935483870968,5000.0,310
2026-09-21T10:31:35+00:00,Tesla T4,0,distilbert,8,fp32,70.0,4096,17.179361910999887,66.14208050178837,1136.2787384867115,1136.4530000000013,238.42561913649104,0.2774118013883573,69.508,98.39067055393586,26.31195335276968,685.5830903790087,5000.0,343
2026-09-21T10:31:41+00:00,Tesla T4,0,distilbert,256,fp16,70.0,4096,3.394795404999968,66.02200681349402,224.1312053593261,221.04499999999825,1206.5528290651255,0.05471953255842922,67.788,99.58208955223881,39.11940298507463,544.7014925373135,5000.0,67
2026-09-21T10:32:02+00:00,Tesla T4,0,distilbert,64,fp32,70.0,4096,16.734926446999907,65.94775442851017,1103.63081970593,1110.487000000001,244.75757410540012,0.26944111809226806,69.215,99.81736526946108,23.035928143712574,632.4251497005988,5000.0,334
2026-09-21T10:32:07+00:00,Tesla T4,1,distilbert,32,fp16,70.0,4096,3.528318298999693,65.97481532047286,232.78014816834968,233.95500000000175,1160.8929957258247,0.0568310908614135,67.452,97.31428571428572,38.91428571428571,564.6428571428571,5000.0,70
2026-09-21T10:32:27+00:00,Tesla T4,1,distilbert,8,fp32,70.0,4096,17.163165555999967,66.09014490055314,1134.3160985482205,1135.688000000002,238.65061410935957,0.27693264124712413,70.444,98.10818713450293,26.46783625730994,689.3421052631579,5000.0,342
2026-09-21T10:32:32+00:00,Tesla T4,1,distilbert,16,fp16,70.0,4096,3.4537711809998655,65.38339286772326,225.81927800253476,232.12099999999919,1185.9500196577035,0.05513165966858759,67.704,94.20588235294117,38.779411764705884,728.1617647058823,5000.0,68
2026-09-21T10:32:38+00:00,Tesla T4,1,distilbert,64,fp16,70.0,4096,3.529732938000052,66.05823150392953,233.16791556545277,234.17399999999907,1160.4277354537749,0.05692576063609687,70.444,98.64285714285714,39.48571428571429,542.7857142857143,5000.0,70
2026-09-21T10:32:58+00:00,Tesla T4,1,distilbert,64,fp32,70.0,4096,16.633380703000057,66.10110721076603,1099.4848811264935,1099.1929999999993,246.25180371547862,0.26842892605627283,68.976,99.90361445783132,23.11144578313253,636.7319277108434,5000.0,332
2026-09-21T10:33:05+00:00,Tesla T4,1,distilbert,256,fp16,70.0,4096,3.388535229000354,65.93097987739927,223.40944799708086,220.73099999999977,1208.7818845573443,0.05454332226491232,68.431,99.22388059701493,39.0,547.6119402985074,5000.0,67
2026-09-21T10:33:10+00:00,Tesla T4,1,distilbert,128,fp16,70.0,4096,3.333664126000258,66.22477727014838,220.77116423785094,220.77000000000407,1228.6780686914597,0.05389921001900658,67.942,99.45454545454545,39.75757575757576,562.2727272727273,5000.0,66
2026-09-21T10:33:16+00:00,Tesla T4,1,distilbert,8,fp16,70.0,4096,3.5622949039998275,63.95688198052647,227.83327475494784,237.22200000000157,1149.8205820638027,0.05562335809446969,72.898,79.38571428571429,32.24285714285714,945.8571428571429,5000.0,70
2026-09-21T10:33:40+00:00,Tesla T4,1,distilbert,256,fp32,70.0,4096,16.52307758699999,65.97384468002235,1090.0909543606958,1096.921000000002,247.89570698515917,0.26613548690446676,68.781,99.90273556231003,22.10030395136778,625.6231003039513,5000.0,329
2026-09-21T10:33:58+00:00,Tesla T4,1,distilbert,32,fp32,70.0,4096,15.69516927099994,66.61554152110638,1045.5422002530895,1045.2530000000042,260.97201815900155,0.25525932623366443,71.325,99.71884984025559,23.05111821086262,681.1821086261981,5000.0,313
2026-09-21T10:34:18+00:00,Tesla T4,1,distilbert,16,fp32,70.0,4096,17.621620924000126,66.07062459772918,1164.271500873102,1169.5709999999963,232.44172699353493,0.28424597189284717,74.462,99.08238636363636,22.826704545454547,630.2130681818181,5000.0,352
2026-09-21T10:34:40+00:00,Tesla T4,1,distilbert,128,fp32,70.0,4096,17.08397551500002,65.86333600992563,1125.2076197297886,1126.452999999994,239.75684092989027,0.2747088915355929,74.657,99.8475073313783,23.387096774193548,613.5043988269795,5000.0,341
2026-09-21T10:35:00+00:00,Tesla T4,2,distilbert,8,fp32,70.0,4096,17.409738367000045,66.16072914849872,1151.8409846453164,1147.7030000000013,235.27062346691665,0.28121117789192296,69.172,98.68876080691642,26.0,676.0806916426513,5000.0,347
2026-09-21T10:35:06+00:00,Tesla T4,2,distilbert,128,fp16,70.0,4096,3.4450634589998117,65.97073070073829,227.2733537006305,226.44599999999627,1188.9476199051414,0.055486658618317995,69.857,99.47058823529412,38.529411764705884,542.8676470588235,5000.0,68
2026-09-21T10:35:24+00:00,Tesla T4,2,distilbert,32,fp32,70.0,4096,16.05836962300009,66.13254388817705,1061.9808338656226,1060.6630000000077,255.06948066093702,0.25927266451797426,68.823,99.6625,22.7,664.3125,5000.0,320
2026-09-21T10:35:46+00:00,Tesla T4,2,distilbert,128,fp32,70.0,4096,17.29660696000019,65.6904334958547,1136.2216092098301,1137.630999999994,236.80945109479177,0.2773978538109937,68.725,99.8840579710145,23.194202898550724,605.9565217391304,5000.0,345
2026-09-21T10:36:07+00:00,Tesla T4,2,distilbert,64,fp32,70.0,4096,17.204939132000163,65.78219439068971,1131.778650461219,1132.7699999999895,238.0711706431837,0.27631314708525856,68.585,99.89212827988338,22.338192419825074,613.5131195335277,5000.0,343
2026-09-21T10:36:13+00:00,Tesla T4,2,distilbert,16,fp16,70.0,4096,3.550689378000243,65.9572440595306,234.19368588434492,232.4780000000028,1153.5788022963804,0.057176192842857645,67.452,94.88571428571429,38.142857142857146,705.0,5000.0,70
2026-09-21T10:36:33+00:00,Tesla T4,2,distilbert,16,fp32,70.0,4096,17.919725904000188,65.9702427505466,1182.1686679101506,1180.7909999999974,228.57492474735105,0.2886153974390016,71.423,99.05042016806723,22.19327731092437,620.0840336134454,5000.0,357
2026-09-21T10:36:57+00:00,Tesla T4,2,distilbert,256,fp32,70.0,4096,17.02900820800005,65.86443834516311,1121.606061195096,1118.8300000000017,240.53074318654342,0.27382960478395896,70.053,99.84117647058824,21.63529411764706,606.75,5000.0,340
2026-09-21T10:37:03+00:00,Tesla T4,2,distilbert,64,fp16,70.0,4096,3.637073191000127,66.07374915415538,240.3150616774458,239.971000000005,1126.1802512348333,0.05867066935484517,69.912,98.70833333333333,38.375,524.7916666666666,5000.0,72
2026-09-21T10:37:09+00:00,Tesla T4,2,distilbert,32,fp16,70.0,4096,3.594601773999784,66.24623447224143,238.1288319547247,240.26600000000326,1139.4864459331473,0.05813692186394646,69.423,96.32394366197182,38.225352112676056,560.9154929577464,5000.0,71
2026-09-21T10:37:15+00:00,Tesla T4,2,distilbert,8,fp16,70.0,4096,3.427082256000176,65.21883297295949,223.51030523866868,224.36600000000908,1195.1857860512903,0.054567945614909345,68.278,91.48529411764706,33.76470588235294,833.3823529411765,5000.0,68
2026-09-21T10:37:21+00:00,Tesla T4,2,distilbert,256,fp16,70.0,4096,3.4178311860000576,66.12564476452025,226.00629087053872,227.90699999999197,1198.4208046254075,0.05517731710706512,72.785,99.46268656716418,38.76119402985075,544.0298507462686,5000.0,67
